Time,Time Code,Country Name,Country Code,GDP per capita (constant 2010 US$) [NY.GDP.PCAP.KD],Oil rents (% of GDP) [NY.GDP.PETR.RT.ZS]
2008,YR2008,Afghanistan,AFG,412.014286663305,0.0161232819352242
2008,YR2008,Albania,ALB,3775.58131429173,1.01368709714932
2008,YR2008,Algeria,DZA,4409.81203227677,30.4892300520232
2008,YR2008,American Samoa,ASM,10416.0057817659,0
2008,YR2008,Andorra,AND,44317.5502434378,..
2008,YR2008,Angola,AGO,3652.15426594294,56.1400338218386
2008,YR2008,Antigua and Barbuda,ATG,16558.4579093215,0
2008,YR2008,Argentina,ARG,10201.4759370923,4.05082856382955
2008,YR2008,Armenia,ARM,3627.79670232372,0
2008,YR2008,Aruba,ABW,27365.9311941508,0
2008,YR2008,Australia,AUS,51841.2730313421,1.06849392784859
2008,YR2008,Austria,AUT,48053.4823567215,0.0758808324887817
2008,YR2008,Azerbaijan,AZE,5267.37198868499,37.0303237123398
2008,YR2008,"Bahamas, The",BHS,30190.7510358741,0
2008,YR2008,Bahrain,BHR,21562.6624712122,4.16265576286775
2008,YR2008,Bangladesh,BGD,720.357003907352,0.209688748167741
2008,YR2008,Barbados,BRB,17446.2217713416,0.500151560445016
2008,YR2008,Belarus,BLR,5560.14622910331,1.12542137024776
2008,YR2008,Belgium,BEL,44556.8205778637,0
2008,YR2008,Belize,BLZ,4348.22547442813,5.75407427021011
2008,YR2008,Benin,BEN,1049.36786915158,0
2008,YR2008,Bermuda,BMU,94903.19153445,0
2008,YR2008,Bhutan,BTN,1928.76867961222,0
2008,YR2008,Bolivia,BOL,1878.1103131111,6.32500013027097
2008,YR2008,Bosnia and Herzegovina,BIH,4680.98609378614,0
2008,YR2008,Botswana,BWA,6657.83238251693,0
2008,YR2008,Brazil,BRA,10710.8722205603,2.41585708164534
2008,YR2008,British Virgin Islands,VGB,..,..
2008,YR2008,Brunei Darussalam,BRN,35844.4160068892,22.7403094230159
2008,YR2008,Bulgaria,BGR,6920.61843796227,0.036173295760172
2008,YR2008,Burkina Faso,BFA,616.353254308186,0
2008,YR2008,Burundi,BDI,229.148545082546,0
2008,YR2008,Cabo Verde,CPV,3455.1017668217,0
2008,YR2008,Cambodia,KHM,763.508498039057,0
2008,YR2008,Cameroon,CMR,1286.00107956163,8.91212604027285
2008,YR2008,Canada,CAN,48495.2040370934,2.61318058233929
2008,YR2008,Cayman Islands,CYM,85528.6770181655,0
2008,YR2008,Central African Republic,CAF,441.296784922234,0
2008,YR2008,Chad,TCD,806.0779470248,32.179647550427
2008,YR2008,Channel Islands,CHI,..,..
2008,YR2008,Chile,CHL,12553.7948363739,0.0304295151834917
2008,YR2008,China,CHN,3796.63336331895,2.0327409369062
2008,YR2008,Colombia,COL,6126.92597177956,5.46509649794321
2008,YR2008,Comoros,COM,1289.67922875261,0
2008,YR2008,"Congo, Dem. Rep.",COD,324.04031280739,3.30324751629461
2008,YR2008,"Congo, Rep.",COG,2563.69236638513,51.7192853149138
2008,YR2008,Costa Rica,CRI,8034.32992249851,0
2008,YR2008,Cote d'Ivoire,CIV,1206.15073705977,4.9063849593862
2008,YR2008,Croatia,HRV,15207.5056777016,0.392884814034054
2008,YR2008,Cuba,CUB,5511.04696456554,1.93652803390099
2008,YR2008,Curacao,CUW,..,..
2008,YR2008,Cyprus,CYP,32725.6302483256,0
2008,YR2008,Czech Republic,CZE,20520.7799617785,0.0406004297312694
2008,YR2008,Denmark,DNK,60504.7769830456,1.59752845688072
2008,YR2008,Djibouti,DJI,..,0
2008,YR2008,Dominica,DMA,7007.66041912456,0
2008,YR2008,Dominican Republic,DOM,5207.00262280854,0
2008,YR2008,Ecuador,ECU,4596.14518230386,18.3921620812363
2008,YR2008,"Egypt, Arab Rep.",EGY,2497.34022161353,12.4827603164551
2008,YR2008,El Salvador,SLV,3009.37036169881,0
2008,YR2008,Equatorial Guinea,GNQ,20532.9522638923,46.9756727112966
2008,YR2008,Eritrea,ERI,488.883713294106,0
2008,YR2008,Estonia,EST,16762.2845005182,0.694750137412131
2008,YR2008,Eswatini,SWZ,4010.34211568285,0
2008,YR2008,Ethiopia,ETH,294.805427784673,0
2008,YR2008,Faroe Islands,FRO,..,0
2008,YR2008,Fiji,FJI,3659.09210381641,0
2008,YR2008,Finland,FIN,49440.9681797545,0
2008,YR2008,France,FRA,41456.4834259857,0.0132120874102045
2008,YR2008,French Polynesia,PYF,..,..
2008,YR2008,Gabon,GAB,8826.626396463,41.8389276100022
2008,YR2008,"Gambia, The",GMB,808.705243613652,0
2008,YR2008,Georgia,GEO,3107.73371855191,0.152984028653762
2008,YR2008,Germany,DEU,42102.8532926964,0.0320611287320169
2008,YR2008,Ghana,GHA,1207.83445550869,0.549994559353993
2008,YR2008,Gibraltar,GIB,..,..
2008,YR2008,Greece,GRC,29874.7434421564,0.00658253062705821
2008,YR2008,Greenland,GRL,43305.7027608534,0
2008,YR2008,Grenada,GRD,7869.21693735805,0
2008,YR2008,Guam,GUM,30054.0138683035,0
2008,YR2008,Guatemala,GTM,2909.50971461775,0.813814803877009
2008,YR2008,Guinea,GIN,679.034406048802,0
2008,YR2008,Guinea-Bissau,GNB,542.645951129504,0
2008,YR2008,Guyana,GUY,2822.65302049888,0
2008,YR2008,Haiti,HTI,687.447964430153,0
2008,YR2008,Honduras,HND,1960.93922466572,0
2008,YR2008,"Hong Kong SAR, China",HKG,31553.6264533444,0
2008,YR2008,Hungary,HUN,13909.3230894709,0.202814173299574
2008,YR2008,Iceland,ISL,47889.3849432345,0
2008,YR2008,India,IND,1192.51173233371,1.59691520572037
2008,YR2008,Indonesia,IDN,2885.30927484934,4.71539311236693
2008,YR2008,"Iran, Islamic Rep.",IRN,6316.37162536933,30.6672070203904
2008,YR2008,Iraq,IRQ,4436.25206984141,52.3646995723911
2008,YR2008,Ireland,IRL,51202.3593236575,0
2008,YR2008,Isle of Man,IMN,67152.2209281535,..
2008,YR2008,Israel,ISR,30039.8370606234,0.0014149941935315
2008,YR2008,Italy,ITA,37653.7480014558,0.0860548415341425
2008,YR2008,Jamaica,JAM,5041.74115405343,0
2008,YR2008,Japan,JPN,45165.7879187717,0.00263076044980176
2008,YR2008,Jordan,JOR,3787.19549905151,0.00274496256720668
2008,YR2008,Kazakhstan,KAZ,8698.42365362226,21.4498726115124
2008,YR2008,Kenya,KEN,897.601930611382,0
2008,YR2008,Kiribati,KIR,1582.82972456681,0
2008,YR2008,"Korea, Dem. People’s Rep.",PRK,..,..
2008,YR2008,"Korea, Rep.",KOR,21664.606416493,0.00281706046342036
2008,YR2008,Kosovo,XKX,3120.58212212803,0
2008,YR2008,Kuwait,KWT,47900.4421983109,55.5170130121064
2008,YR2008,Kyrgyz Republic,KGZ,880.278819131137,0.393810988631904
2008,YR2008,Lao PDR,LAO,1010.39066541789,0
2008,YR2008,Latvia,LVA,13344.6528189506,0
2008,YR2008,Lebanon,LBN,6778.85215269321,0
2008,YR2008,Lesotho,LSO,1108.88088202763,0
2008,YR2008,Liberia,LBR,495.679015083664,0
2008,YR2008,Libya,LBY,11844.9252400819,62.7574477960114
2008,YR2008,Liechtenstein,LIE,..,..
2008,YR2008,Lithuania,LTU,13394.8792058248,0.118687683020777
2008,YR2008,Luxembourg,LUX,108577.352298054,0
2008,YR2008,"Macao SAR, China",MAC,43006.8305155031,0
2008,YR2008,Madagascar,MDG,516.709644631634,0
2008,YR2008,Malawi,MWI,437.895476144955,0
2008,YR2008,Malaysia,MYS,8850.00922143873,7.2880494172506
2008,YR2008,Maldives,MDV,7572.79543550442,0
2008,YR2008,Mali,MLI,686.172723660729,0
2008,YR2008,Malta,MLT,21161.6408757838,0
2008,YR2008,Marshall Islands,MHL,2645.83803896903,..
2008,YR2008,Mauritania,MRT,1662.43915828703,5.95592638407673
2008,YR2008,Mauritius,MUS,7456.36924572352,0
2008,YR2008,Mexico,MEX,9587.63633933012,5.96918709176854
2008,YR2008,"Micronesia, Fed. Sts.",FSM,2774.14558159908,..
2008,YR2008,Moldova,MDA,2415.74296711919,0.0977505443322621
2008,YR2008,Monaco,MCO,169963.631621314,..
2008,YR2008,Mongolia,MNG,2601.20051595729,1.39882511681656
2008,YR2008,Montenegro,MNE,6932.07225426566,0
2008,YR2008,Morocco,MAR,2691.26781170261,0.0164866522976025
2008,YR2008,Mozambique,MOZ,439.642486440213,0.517830746735451
2008,YR2008,Myanmar,MMR,818.651189440208,1.64362656410392
2008,YR2008,Namibia,NAM,5185.03611206718,0
2008,YR2008,Nauru,NRU,3967.31668412153,..
2008,YR2008,Nepal,NPL,547.698793266859,0
2008,YR2008,Netherlands,NLD,52727.5193016764,0.0722102581289522
2008,YR2008,New Caledonia,NCL,..,..
2008,YR2008,New Zealand,NZL,33941.4438621508,1.08246991970826
2008,YR2008,Nicaragua,NIC,1530.57341792369,0
2008,YR2008,Niger,NER,462.643122661151,0
2008,YR2008,Nigeria,NGA,2072.27348562123,16.8549398979499
2008,YR2008,North Macedonia,MKD,4418.40669877812,0
2008,YR2008,Northern Mariana Islands,MNP,17494.3302803346,..
2008,YR2008,Norway,NOR,90862.3997055782,9.26359908875433
2008,YR2008,Oman,OMN,18647.2657595987,37.9845339252242
2008,YR2008,Pakistan,PAK,987.8456798175,1.06463004615425
2008,YR2008,Palau,PLW,10435.531865043,..
2008,YR2008,Panama,PAN,7814.53724481353,0
2008,YR2008,Papua New Guinea,PNG,1736.78630598941,8.68843880600728
2008,YR2008,Paraguay,PRY,4037.05313652334,0
2008,YR2008,Peru,PER,4716.1972623181,1.47199630057455
2008,YR2008,Philippines,PHL,2105.11294450158,0.23901617853427
2008,YR2008,Poland,POL,11801.54754645,0.0560088133427876
2008,YR2008,Portugal,PRT,22859.369406683,0
2008,YR2008,Puerto Rico,PRI,26790.8380811361,0
2008,YR2008,Qatar,QAT,65046.8614399424,31.1069654407222
2008,YR2008,Romania,ROU,8913.9797644699,0.853472715152506
2008,YR2008,Russian Federation,RUS,11087.8210530057,11.571504085963
2008,YR2008,Rwanda,RWA,565.971886784181,0
2008,YR2008,Samoa,WSM,3783.2873918886,0
2008,YR2008,San Marino,SMR,72918.1351021803,..
2008,YR2008,Sao Tome and Principe,STP,1056.09632215078,0
2008,YR2008,Saudi Arabia,SAU,19832.6513319799,54.2795735992013
2008,YR2008,Senegal,SEN,1278.77289978093,0
2008,YR2008,Serbia,SRB,5806.89031544951,0.375929343620654
2008,YR2008,Seychelles,SYC,10645.0866961106,0
2008,YR2008,Sierra Leone,SLE,386.653814008902,0
2008,YR2008,Singapore,SGP,43216.2611731782,0
2008,YR2008,Sint Maarten (Dutch part),SXM,..,..
2008,YR2008,Slovak Republic,SVK,16773.0610731439,0.00828401070540447
2008,YR2008,Slovenia,SVN,25430.3496482875,0.000176762045647136
2008,YR2008,Solomon Islands,SLB,1329.96028882875,0
2008,YR2008,Somalia,SOM,..,..
2008,YR2008,South Africa,ZAF,7432.11676075707,0.132951205241901
2008,YR2008,South Sudan,SSD,1508.23264126216,62.7340897726552
2008,YR2008,Spain,ESP,32072.7645931733,0.00317652477068801
2008,YR2008,Sri Lanka,LKA,2538.08761923669,0
2008,YR2008,St. Kitts and Nevis,KNA,16542.4817808203,0
2008,YR2008,St. Lucia,LCA,8857.59735245812,0
2008,YR2008,St. Martin (French part),MAF,..,..
2008,YR2008,St. Vincent and the Grenadines,VCT,6642.27211018822,0
2008,YR2008,Sudan,SDN,1435.50853834829,22.9139503242131
2008,YR2008,Suriname,SUR,7797.33776081036,10.3113102261342
2008,YR2008,Sweden,SWE,53059.453925369,0
2008,YR2008,Switzerland,CHE,75793.6330393036,0
2008,YR2008,Syrian Arab Republic,SYR,..,..
2008,YR2008,Tajikistan,TJK,707.125187558696,0.0898469875812312
2008,YR2008,Tanzania,TZA,703.588494527695,0
2008,YR2008,Thailand,THA,4801.87746520097,1.9756435486137
2008,YR2008,Timor-Leste,TLS,693.991612776827,..
2008,YR2008,Togo,TGO,503.451089461047,0
2008,YR2008,Tonga,TON,3373.10074388628,0
2008,YR2008,Trinidad and Tobago,TTO,17064.5316567346,9.24056043656178
2008,YR2008,Tunisia,TUN,3965.64828951732,5.94840829051283
2008,YR2008,Turkey,TUR,10602.8565769792,0.11175802640787
2008,YR2008,Turkmenistan,TKM,3949.04423321621,20.7216065810787
2008,YR2008,Turks and Caicos Islands,TCA,..,0
2008,YR2008,Tuvalu,TUV,3319.18126820326,..
2008,YR2008,Uganda,UGA,770.588634533878,0
2008,YR2008,Ukraine,UKR,3322.00512728069,0.671635907906465
2008,YR2008,United Arab Emirates,ARE,42456.7958854415,27.341497347522
2008,YR2008,United Kingdom,GBR,41024.8110611627,0.935755136058948
2008,YR2008,United States,USA,49319.4788649957,0.537734551397643
2008,YR2008,Uruguay,URY,10732.0112766921,0
2008,YR2008,Uzbekistan,UZB,1470.59518910222,4.12616145009485
2008,YR2008,Vanuatu,VUT,2970.39186299374,0
2008,YR2008,"Venezuela, RB",VEN,14920.447414239,19.5026030009672
2008,YR2008,Vietnam,VNM,1198.41721350262,7.46514960649083
2008,YR2008,Virgin Islands (U.S.),VIR,42491.4540238816,0
2008,YR2008,West Bank and Gaza,PSE,2112.48368880484,0
2008,YR2008,"Yemen, Rep.",YEM,1262.01821783006,33.8991131436105
2008,YR2008,Zambia,ZMB,1309.2816486784,0
2008,YR2008,Zimbabwe,ZWE,725.575973686015,0
2009,YR2009,Afghanistan,AFG,488.300250990155,0.00544297081264588
2009,YR2009,Albania,ALB,3928.45039149695,0.746209343444451
2009,YR2009,Algeria,DZA,4403.87344648228,20.6121919117336
2009,YR2009,American Samoa,ASM,10117.0113625969,0
2009,YR2009,Andorra,AND,41668.8373600629,..
2009,YR2009,Angola,AGO,3549.57860280612,31.2098825085188
2009,YR2009,Antigua and Barbuda,ATG,14327.3108496645,0
2009,YR2009,Argentina,ARG,9502.24358504659,2.12861289765799
2009,YR2009,Armenia,ARM,3137.34609774988,0
2009,YR2009,Aruba,ABW,24463.6921995023,0
2009,YR2009,Australia,AUS,51767.3778350805,0.637114045531659
2009,YR2009,Austria,AUT,46123.4911031965,0.0464587098574838
2009,YR2009,Azerbaijan,AZE,5642.50471548519,24.5424432480125
2009,YR2009,"Bahamas, The",BHS,28440.0722223017,0
2009,YR2009,Bahrain,BHR,20796.2019205807,2.72285813003181
2009,YR2009,Bangladesh,BGD,748.296060456803,0.0859394623123123
2009,YR2009,Barbados,BRB,16492.1167966304,0.191327274668366
2009,YR2009,Belarus,BLR,5583.70185481887,0.672110977557465
2009,YR2009,Belgium,BEL,43306.5991304703,0
2009,YR2009,Belize,BLZ,4249.30150475318,3.7106259470162
2009,YR2009,Benin,BEN,1043.96189434954,0
2009,YR2009,Bermuda,BMU,89391.2111759902,0
2009,YR2009,Bhutan,BTN,2038.56141967339,0
2009,YR2009,Bolivia,BOL,1909.08458812934,2.60869518427728
2009,YR2009,Bosnia and Herzegovina,BIH,4562.70844792763,0
2009,YR2009,Botswana,BWA,6029.19863060839,0
2009,YR2009,Brazil,BRA,10594.9865923924,1.30620346590569
2009,YR2009,British Virgin Islands,VGB,..,..
2009,YR2009,Brunei Darussalam,BRN,34800.5635264382,15.2766031064983
2009,YR2009,Bulgaria,BGR,6726.88692660985,0.0199683828150155
2009,YR2009,Burkina Faso,BFA,615.690923529602,0
2009,YR2009,Burundi,BDI,230.192598508771,0
2009,YR2009,Cabo Verde,CPV,3370.35023611401,0
2009,YR2009,Cambodia,KHM,752.796480639033,0
2009,YR2009,Cameroon,CMR,1278.59620799079,3.48611384959812
2009,YR2009,Canada,CAN,46540.6436997867,1.42204981906711
2009,YR2009,Cayman Islands,CYM,77238.2427959989,0
2009,YR2009,Central African Republic,CAF,472.093180257763,0
2009,YR2009,Chad,TCD,812.711318919723,15.4430467071969
2009,YR2009,Channel Islands,CHI,..,..
2009,YR2009,Chile,CHL,12227.2145300329,0.0219554223352019
2009,YR2009,China,CHN,4132.90231241877,0.949604897291807
2009,YR2009,Colombia,COL,6128.19547247793,3.20298915866444
2009,YR2009,Comoros,COM,1299.27458879912,0
2009,YR2009,"Congo, Dem. Rep.",COD,322.418254424149,1.8209378747134
2009,YR2009,"Congo, Rep.",COG,2666.17508860622,34.012631126341
2009,YR2009,Costa Rica,CRI,7854.95237470108,0
2009,YR2009,Cote d'Ivoire,CIV,1217.20786972238,2.27225249772714
2009,YR2009,Croatia,HRV,14103.1261414621,0.297967714929856
2009,YR2009,Cuba,CUB,5596.13968145983,0.925616532077796
2009,YR2009,Curacao,CUW,..,..
2009,YR2009,Cyprus,CYP,31216.7645467282,0
2009,YR2009,Czech Republic,CZE,19424.2730584841,0.0225241414682174
2009,YR2009,Denmark,DNK,57229.0398875643,0.841279280672338
2009,YR2009,Djibouti,DJI,..,0
2009,YR2009,Dominica,DMA,6923.34180916382,0
2009,YR2009,Dominican Republic,DOM,5191.14035635466,0
2009,YR2009,Ecuador,ECU,4547.50930098406,8.64714775848637
2009,YR2009,"Egypt, Arab Rep.",EGY,2565.76916476162,6.14045213262614
2009,YR2009,El Salvador,SLV,2934.18700979006,0
2009,YR2009,Equatorial Guinea,GNQ,19868.0707623372,25.6115366872051
2009,YR2009,Eritrea,ERI,498.534349079834,0
2009,YR2009,Estonia,EST,14370.5134960561,0.611694046328931
2009,YR2009,Eswatini,SWZ,4044.13301272204,0
2009,YR2009,Ethiopia,ETH,312.033849443538,0
2009,YR2009,Faroe Islands,FRO,..,0
2009,YR2009,Fiji,FJI,3573.39255030914,0
2009,YR2009,Finland,FIN,45231.9617393544,0
2009,YR2009,France,FRA,40058.679756449,0.00699058137575958
2009,YR2009,French Polynesia,PYF,..,..
2009,YR2009,Gabon,GAB,8554.28310976306,24.3431533608088
2009,YR2009,"Gambia, The",GMB,837.334898259103,0
2009,YR2009,Georgia,GEO,3020.99872474288,0.0965035220657919
2009,YR2009,Germany,DEU,39804.9212955522,0.0170416321623117
2009,YR2009,Ghana,GHA,1234.54027272067,0.280163032856741
2009,YR2009,Gibraltar,GIB,..,..
2009,YR2009,Greece,GRC,28514.8100925637,0.00507127877442735
2009,YR2009,Greenland,GRL,43684.587199796,0
2009,YR2009,Grenada,GRD,7325.6710994073,0
2009,YR2009,Guam,GUM,30112.6271684902,0
2009,YR2009,Guatemala,GTM,2870.31158935321,0.397706468579989
2009,YR2009,Guinea,GIN,656.20504391639,0
2009,YR2009,Guinea-Bissau,GNB,546.947092261669,0
2009,YR2009,Guyana,GUY,2919.39600742543,0
2009,YR2009,Haiti,HTI,697.68891045003,0
2009,YR2009,Honduras,HND,1873.39410896665,0
2009,YR2009,"Hong Kong SAR, China",HKG,30711.4872627763,0
2009,YR2009,Hungary,HUN,12997.5791857191,0.126544216747608
2009,YR2009,Iceland,ISL,44491.7345060949,0
2009,YR2009,India,IND,1268.24921034763,0.675750232248956
2009,YR2009,Indonesia,IDN,2979.00471389962,2.24598016485992
2009,YR2009,"Iran, Islamic Rep.",IRN,6309.64160854798,17.3340843304599
2009,YR2009,Iraq,IRQ,4493.18412633592,36.2696367263448
2009,YR2009,Ireland,IRL,48110.551499518,0
2009,YR2009,Isle of Man,IMN,67857.0962739235,..
2009,YR2009,Israel,ISR,29601.4250509176,0.000860132125780137
2009,YR2009,Italy,ITA,35503.1510279269,0.0434468492278551
2009,YR2009,Jamaica,JAM,4799.01435544021,0
2009,YR2009,Japan,JPN,42724.7603699577,0.00129952667077325
2009,YR2009,Jordan,JOR,3799.44110054204,0.00147760237526999
2009,YR2009,Kazakhstan,KAZ,8573.70829393744,14.1656485467087
2009,YR2009,Kenya,KEN,902.124545867569,0
2009,YR2009,Kiribati,KIR,1561.24762121981,0
2009,YR2009,"Korea, Dem. People’s Rep.",PRK,..,..
2009,YR2009,"Korea, Rep.",KOR,21724.2423576681,0.00214606764465914
2009,YR2009,Kosovo,XKX,3206.91700206037,0
2009,YR2009,Kuwait,KWT,41907.010754604,38.0872124433982
2009,YR2009,Kyrgyz Republic,KGZ,894.817956477877,0.221676334449334
2009,YR2009,Lao PDR,LAO,1068.16851075414,0
2009,YR2009,Latvia,LVA,11635.143585107,0
2009,YR2009,Lebanon,LBN,7397.50986083517,0
2009,YR2009,Lesotho,LSO,1131.06087652667,0
2009,YR2009,Liberia,LBR,501.615734791463,0
2009,YR2009,Libya,LBY,11607.1982788564,45.7757615372247
2009,YR2009,Liechtenstein,LIE,..,..
2009,YR2009,Lithuania,LTU,11537.9423861268,0.0556177056646449
2009,YR2009,Luxembourg,LUX,101939.613463932,0
2009,YR2009,"Macao SAR, China",MAC,42651.1851257065,0
2009,YR2009,Madagascar,MDG,482.338427117163,0
2009,YR2009,Malawi,MWI,460.92468272226,0
2009,YR2009,Malaysia,MYS,8559.23449984417,4.15561359349184
2009,YR2009,Maldives,MDV,6827.64870626618,0
2009,YR2009,Mali,MLI,696.078053573472,0
2009,YR2009,Malta,MLT,20485.5568337554,0
2009,YR2009,Marshall Islands,MHL,2680.41238268682,..
2009,YR2009,Mauritania,MRT,1616.41538744544,2.78340213567984
2009,YR2009,Mauritius,MUS,7683.12492469643,0
2009,YR2009,Mexico,MEX,8947.74147387305,3.3651235127135
2009,YR2009,"Micronesia, Fed. Sts.",FSM,2819.93892594743,..
2009,YR2009,Moldova,MDA,2273.66666286975,0.0652276298287298
2009,YR2009,Monaco,MCO,149242.716068066,..
2009,YR2009,Mongolia,MNG,2527.95836109812,1.42477891907523
2009,YR2009,Montenegro,MNE,6516.35766357443,0
2009,YR2009,Morocco,MAR,2771.04675450926,0.00953260157791241
2009,YR2009,Mozambique,MOZ,454.78167619146,0.0817995755041948
2009,YR2009,Myanmar,MMR,899.242644243959,0.624681052969061
2009,YR2009,Namibia,NAM,5106.29761319136,0
2009,YR2009,Nauru,NRU,4307.08002334012,..
2009,YR2009,Nepal,NPL,567.905933627147,0
2009,YR2009,Netherlands,NLD,50533.5068799198,0.031616750581119
2009,YR2009,New Caledonia,NCL,..,..
2009,YR2009,New Zealand,NZL,33554.7621359246,0.576060569997991
2009,YR2009,Nicaragua,NIC,1460.05610984083,0
2009,YR2009,Niger,NER,453.625155919186,0
2009,YR2009,Nigeria,NGA,2179.98941589805,9.18843034583004
2009,YR2009,North Macedonia,MKD,4398.88900268547,0
2009,YR2009,Northern Mariana Islands,MNP,14542.3861660871,..
2009,YR2009,Norway,NOR,88174.1578783654,5.53816360265418
2009,YR2009,Oman,OMN,18925.5844044285,29.9674128878849
2009,YR2009,Pakistan,PAK,993.382943724454,0.516298378155815
2009,YR2009,Palau,PLW,10006.5652307916,..
2009,YR2009,Panama,PAN,7772.38875590225,0
2009,YR2009,Papua New Guinea,PNG,1811.1304003162,4.33895244567936
2009,YR2009,Paraguay,PRY,3972.63027398075,0
2009,YR2009,Peru,PER,4729.73597651642,0.672815445776744
2009,YR2009,Philippines,PHL,2100.65646359061,0.166694062368303
2009,YR2009,Poland,POL,12126.1460649328,0.0293133205733089
2009,YR2009,Portugal,PRT,22124.5799752985,0
2009,YR2009,Puerto Rico,PRI,26411.423317718,0
2009,YR2009,Qatar,QAT,63218.8411981677,23.2673338003208
2009,YR2009,Romania,ROU,8492.61749193263,0.536643180857709
2009,YR2009,Russian Federation,RUS,10219.8942412012,8.4072621017724
2009,YR2009,Rwanda,RWA,585.461721887633,0
2009,YR2009,Samoa,WSM,3576.14531637711,0
2009,YR2009,San Marino,SMR,64581.6729426181,..
2009,YR2009,Sao Tome and Principe,STP,1052.46856184586,0
2009,YR2009,Saudi Arabia,SAU,18883.199839421,34.0574201631601
2009,YR2009,Senegal,SEN,1270.56419984687,0
2009,YR2009,Serbia,SRB,5670.95508551703,0.183670713016767
2009,YR2009,Seychelles,SYC,10486.1898908954,0
2009,YR2009,Sierra Leone,SLE,390.131035408141,0
2009,YR2009,Singapore,SGP,41983.0698197597,0
2009,YR2009,Sint Maarten (Dutch part),SXM,..,..
2009,YR2009,Slovak Republic,SVK,15836.8834450415,0.00253372421754361
2009,YR2009,Slovenia,SVN,23299.204840187,0.000102844709712588
2009,YR2009,Solomon Islands,SLB,1237.87175091192,0
2009,YR2009,Somalia,SOM,..,..
2009,YR2009,South Africa,ZAF,7216.67969294747,0.0224467776589506
2009,YR2009,South Sudan,SSD,1514.03397173587,36.5175863901134
2009,YR2009,Spain,ESP,30593.609837519,0.00153232726836125
2009,YR2009,Sri Lanka,LKA,2609.68801158959,0
2009,YR2009,St. Kitts and Nevis,KNA,15737.5556400545,0
2009,YR2009,St. Lucia,LCA,8496.57647346636,0
2009,YR2009,St. Martin (French part),MAF,..,..
2009,YR2009,St. Vincent and the Grenadines,VCT,6509.21225751766,0
2009,YR2009,Sudan,SDN,1443.09135614876,11.7386470944728
2009,YR2009,Suriname,SUR,7940.38077869489,4.59976114355577
2009,YR2009,Sweden,SWE,50326.2220511785,0
2009,YR2009,Switzerland,CHE,73189.1925566825,0
2009,YR2009,Syrian Arab Republic,SYR,..,..
2009,YR2009,Tajikistan,TJK,719.208329539065,0.0461847699439786
2009,YR2009,Tanzania,TZA,719.723078440627,0
2009,YR2009,Thailand,THA,4744.76279118991,1.08122382667633
2009,YR2009,Timor-Leste,TLS,749.918473033443,..
2009,YR2009,Togo,TGO,517.101198659896,0
2009,YR2009,Tonga,TON,3433.39422996634,0
2009,YR2009,Trinidad and Tobago,TTO,16234.9812324987,6.18258312257767
2009,YR2009,Tunisia,TUN,4043.14643519898,3.38634989405463
2009,YR2009,Turkey,TUR,9976.15051631348,0.0779466740345996
2009,YR2009,Turkmenistan,TKM,4129.54023238133,9.4565211284407
2009,YR2009,Turks and Caicos Islands,TCA,..,0
2009,YR2009,Tuvalu,TUV,3138.57364505373,..
2009,YR2009,Uganda,UGA,797.34019808554,0
2009,YR2009,Ukraine,UKR,2844.32123372086,0.50990802327434
2009,YR2009,United Arab Emirates,ARE,36024.0582294666,18.0176240739353
2009,YR2009,United Kingdom,GBR,38986.144513023,0.569416721967352
2009,YR2009,United States,USA,47648.8132503916,0.278203347374199
2009,YR2009,Uruguay,URY,11155.845245605,0
2009,YR2009,Uzbekistan,UZB,1562.40505278092,1.33679891018593
2009,YR2009,Vanuatu,VUT,2994.91684230213,0
2009,YR2009,"Venezuela, RB",VEN,14239.0392030136,8.31720145702896
2009,YR2009,Vietnam,VNM,1250.79576057587,3.54015075759393
2009,YR2009,Virgin Islands (U.S.),VIR,39667.1915982754,0
2009,YR2009,West Bank and Gaza,PSE,2235.04583613558,0
2009,YR2009,"Yemen, Rep.",YEM,1274.4658827005,20.2489672520939
2009,YR2009,Zambia,ZMB,1390.33144624924,0
2009,YR2009,Zimbabwe,ZWE,803.222028647959,0
2010,YR2010,Afghanistan,AFG,543.303041863931,0.00497396909024397
2010,YR2010,Albania,ALB,4094.3503344202,1.49943983645699
2010,YR2010,Algeria,DZA,4480.79927130159,23.3773803707282
2010,YR2010,American Samoa,ASM,10271.2245225485,0
2010,YR2010,Andorra,AND,40852.6667774434,..
2010,YR2010,Angola,AGO,3587.88379824396,38.543582907139
2010,YR2010,Antigua and Barbuda,ATG,13049.2570545735,0
2010,YR2010,Argentina,ARG,10385.9644319555,2.35527618333305
2010,YR2010,Armenia,ARM,3218.37270660563,0
2010,YR2010,Aruba,ABW,23512.6025956397,0
2010,YR2010,Australia,AUS,52022.1255961876,0.775822306175135
2010,YR2010,Austria,AUT,46858.0432733717,0.0641004320095447
2010,YR2010,Azerbaijan,AZE,5842.80578358576,29.3036031479759
2010,YR2010,"Bahamas, The",BHS,28443.4076553352,0
2010,YR2010,Bahrain,BHR,20722.1372891347,3.33097798804612
2010,YR2010,Bangladesh,BGD,781.153593557047,0.109119803193597
2010,YR2010,Barbados,BRB,16056.3709766031,0.346736269173244
2010,YR2010,Belarus,BLR,6029.3967998293,0.893253171770993
2010,YR2010,Belgium,BEL,44141.8781415734,0
2010,YR2010,Belize,BLZ,4270.86434454699,4.80986758306472
2010,YR2010,Benin,BEN,1036.53395164469,0
2010,YR2010,Bermuda,BMU,88207.3275597322,0
2010,YR2010,Bhutan,BTN,2258.18314115595,0
2010,YR2010,Bolivia,BOL,1955.46155736098,3.40462480856837
2010,YR2010,Bosnia and Herzegovina,BIH,4635.51777931783,0
2010,YR2010,Botswana,BWA,6434.81565688465,0
2010,YR2010,Brazil,BRA,11286.2430162457,1.49266958089417
2010,YR2010,British Virgin Islands,VGB,..,..
2010,YR2010,Brunei Darussalam,BRN,35269.5531076448,17.7683722353814
2010,YR2010,Bulgaria,BGR,6809.89898414354,0.029706255424217
2010,YR2010,Burkina Faso,BFA,647.835846453449,0
2010,YR2010,Burundi,BDI,234.235646874999,0
2010,YR2010,Cabo Verde,CPV,3378.25485950035,0
2010,YR2010,Cambodia,KHM,785.502282874113,0
2010,YR2010,Cameroon,CMR,1286.51557161767,4.85634819145458
2010,YR2010,Canada,CAN,47448.0132198383,1.4691926304113
2010,YR2010,Cayman Islands,CYM,73350.7848219067,0
2010,YR2010,Central African Republic,CAF,488.421401781569,0
2010,YR2010,Chad,TCD,892.568720336953,21.0016480805739
2010,YR2010,Channel Islands,CHI,..,..
2010,YR2010,Chile,CHL,12808.034586422,0.028974202308508
2010,YR2010,China,CHN,4550.45359583857,1.2427340447262
2010,YR2010,Colombia,COL,6336.70921367988,4.38034335825163
2010,YR2010,Comoros,COM,1316.49884810552,0
2010,YR2010,"Congo, Dem. Rep.",COD,334.021572573152,2.38551867882977
2010,YR2010,"Congo, Rep.",COG,2812.43597442108,46.9543922243433
2010,YR2010,Costa Rica,CRI,8141.91312675461,0
2010,YR2010,Cote d'Ivoire,CIV,1213.11264506443,2.90577875447166
2010,YR2010,Croatia,HRV,13923.6285837055,0.420729966286465
2010,YR2010,Cuba,CUB,5730.35477459488,1.32331144521349
2010,YR2010,Curacao,CUW,..,..
2010,YR2010,Cyprus,CYP,31023.6383309791,0
2010,YR2010,Czech Republic,CZE,19808.0710912518,0.0255118663151288
2010,YR2010,Denmark,DNK,58041.3984363385,1.1359877116411
2010,YR2010,Djibouti,DJI,1343.26872994437,0
2010,YR2010,Dominica,DMA,6967.26665433457,0
2010,YR2010,Dominican Republic,DOM,5555.38972190199,0
2010,YR2010,Ecuador,ECU,4633.59035839904,11.0491682886971
2010,YR2010,"Egypt, Arab Rep.",EGY,2644.81703909751,7.41700968494549
2010,YR2010,El Salvador,SLV,2983.24270784904,0
2010,YR2010,Equatorial Guinea,GNQ,17288.8595992193,34.6856251696351
2010,YR2010,Eritrea,ERI,501.355633266246,0
2010,YR2010,Estonia,EST,14790.8212220594,1.11128125243207
2010,YR2010,Eswatini,SWZ,4168.50517706719,0
2010,YR2010,Ethiopia,ETH,341.554114905179,0
2010,YR2010,Faroe Islands,FRO,48530.2338492813,0
2010,YR2010,Fiji,FJI,3652.52743714193,0
2010,YR2010,Finland,FIN,46459.9732548543,0
2010,YR2010,France,FRA,40638.33400426,0.010197091772283
2010,YR2010,French Polynesia,PYF,..,..
2010,YR2010,Gabon,GAB,8849.35529971507,31.4380609477582
2010,YR2010,"Gambia, The",GMB,860.637873688125,0
2010,YR2010,Georgia,GEO,3233.29594347421,0.121234515202761
2010,YR2010,Germany,DEU,41531.9341978689,0.022013519497753
2010,YR2010,Ghana,GHA,1299.34494946039,0.410322496044482
2010,YR2010,Gibraltar,GIB,..,..
2010,YR2010,Greece,GRC,26917.7589787254,0.0115532215384276
2010,YR2010,Greenland,GRL,43988.3324931946,0
2010,YR2010,Grenada,GRD,7257.75662232319,0
2010,YR2010,Guam,GUM,30700.4340081784,0
2010,YR2010,Guatemala,GTM,2898.94221470448,0.461864552416232
2010,YR2010,Guinea,GIN,672.424402562443,0
2010,YR2010,Guinea-Bissau,GNB,557.632132626126,0
2010,YR2010,Guyana,GUY,3033.24772490536,0
2010,YR2010,Haiti,HTI,665.627419493396,0
2010,YR2010,Honduras,HND,1904.34646496881,0
2010,YR2010,"Hong Kong SAR, China",HKG,32549.998231121,0
2010,YR2010,Hungary,HUN,13113.5259617277,0.16833595953138
2010,YR2010,Iceland,ISL,43024.9234853499,0
2010,YR2010,India,IND,1357.56371913262,0.80378228204595
2010,YR2010,Indonesia,IDN,3122.36281521649,2.36321771799414
2010,YR2010,"Iran, Islamic Rep.",IRN,6599.66093791004,20.4676952344738
2010,YR2010,Iraq,IRQ,4657.28042580536,42.3509107525413
2010,YR2010,Ireland,IRL,48715.1768553933,0
2010,YR2010,Isle of Man,IMN,69766.5211886388,..
2010,YR2010,Israel,ISR,30693.5930786871,0.00104581102908609
2010,YR2010,Italy,ITA,36000.5201179254,0.0715924103082697
2010,YR2010,Jamaica,JAM,4704.05445468166,0
2010,YR2010,Japan,JPN,44507.6763859172,0.00162833106266259
2010,YR2010,Jordan,JOR,3690.11326778672,0.00182651260872065
2010,YR2010,Kazakhstan,KAZ,9070.48825285747,16.5948468063995
2010,YR2010,Kenya,KEN,951.687961116879,0
2010,YR2010,Kiribati,KIR,1516.81186907787,0
2010,YR2010,"Korea, Dem. People’s Rep.",PRK,..,..
2010,YR2010,"Korea, Rep.",KOR,23087.2256438476,0.00178644755461293
2010,YR2010,Kosovo,XKX,3286.55744309904,0
2010,YR2010,Kuwait,KWT,38577.4982788212,49.0223297229136
2010,YR2010,Kyrgyz Republic,KGZ,880.037775119109,0.340116630897281
2010,YR2010,Lao PDR,LAO,1140.59920478703,0
2010,YR2010,Latvia,LVA,11348.4062304673,0
2010,YR2010,Lebanon,LBN,7761.6461905722,0
2010,YR2010,Lesotho,LSO,1137.27570186144,0
2010,YR2010,Liberia,LBR,513.445698620224,0
2010,YR2010,Libya,LBY,12064.7806924218,53.095348901835
2010,YR2010,Liechtenstein,LIE,141200.380010278,..
2010,YR2010,Lithuania,LTU,11957.0842136065,0.103054205512129
2010,YR2010,Luxembourg,LUX,104965.306078267,0
2010,YR2010,"Macao SAR, China",MAC,52253.1553117325,0
2010,YR2010,Madagascar,MDG,471.959197029823,0
2010,YR2010,Malawi,MWI,478.668589704525,0
2010,YR2010,Malaysia,MYS,9040.56625117172,4.71788897668601
2010,YR2010,Maldives,MDV,7076.66242320238,0
2010,YR2010,Mali,MLI,710.274202175837,0
2010,YR2010,Malta,MLT,21107.3644349639,0
2010,YR2010,Marshall Islands,MHL,2876.994996984,..
2010,YR2010,Mauritania,MRT,1610.92390847611,2.55077638557514
2010,YR2010,Mauritius,MUS,8000.37643182154,0
2010,YR2010,Mexico,MEX,9271.39823324639,4.07440223061505
2010,YR2010,"Micronesia, Fed. Sts.",FSM,2885.44567636113,..
2010,YR2010,Moldova,MDA,2437.52997842423,0.0473889504532141
2010,YR2010,Monaco,MCO,150725.194124207,..
2010,YR2010,Mongolia,MNG,2643.29291416763,1.54440795580359
2010,YR2010,Montenegro,MNE,6682.28115774575,0
2010,YR2010,Morocco,MAR,2839.92516805933,0.0131348503244055
2010,YR2010,Mozambique,MOZ,471.181692645893,0.151120924347721
2010,YR2010,Myanmar,MMR,979.051630004942,0.762547904883188
2010,YR2010,Namibia,NAM,5318.00693967195,0
2010,YR2010,Nauru,NRU,4754.0750016078,0
2010,YR2010,Nepal,NPL,592.401097450929,0
2010,YR2010,Netherlands,NLD,50950.0343435181,0.036236510113439
2010,YR2010,New Caledonia,NCL,..,..
2010,YR2010,New Zealand,NZL,33700.126039246,0.672319968545606
2010,YR2010,Nicaragua,NIC,1503.87042323136,0
2010,YR2010,Niger,NER,473.299877491723,0
2010,YR2010,Nigeria,NGA,2292.44515619082,12.8111412446867
2010,YR2010,North Macedonia,MKD,4542.89971678317,0
2010,YR2010,Northern Mariana Islands,MNP,14804.2467250931,..
2010,YR2010,Norway,NOR,87693.7900658099,6.48658678258327
2010,YR2010,Oman,OMN,18756.979252001,37.0791930488603
2010,YR2010,Pakistan,PAK,987.409723043923,0.672635801839004
2010,YR2010,Palau,PLW,10219.9275967697,..
2010,YR2010,Panama,PAN,8082.02845866252,0
2010,YR2010,Papua New Guinea,PNG,1949.35251838561,4.014991197768
2010,YR2010,Paraguay,PRY,4355.93493867734,0
2010,YR2010,Peru,PER,5082.35475666351,0.827026888459737
2010,YR2010,Philippines,PHL,2217.47400856616,0.193392754250465
2010,YR2010,Poland,POL,12599.5335818707,0.0419973181793536
2010,YR2010,Portugal,PRT,22498.6908586557,0
2010,YR2010,Puerto Rico,PRI,26435.74878578,0
2010,YR2010,Qatar,QAT,67403.1602978106,28.3846742364303
2010,YR2010,Romania,ROU,8209.9194562169,0.767919020848856
2010,YR2010,Russian Federation,RUS,10674.9957825675,9.90540141325945
2010,YR2010,Rwanda,RWA,612.343699051263,0
2010,YR2010,Samoa,WSM,3566.36237812576,0
2010,YR2010,San Marino,SMR,60239.3407070333,..
2010,YR2010,Sao Tome and Principe,STP,1094.71071732287,0
2010,YR2010,Saudi Arabia,SAU,19262.5476811757,37.8865587004261
2010,YR2010,Senegal,SEN,1280.22546972155,0
2010,YR2010,Serbia,SRB,5735.42285659849,0.356351509540852
2010,YR2010,Seychelles,SYC,10804.6844747547,0
2010,YR2010,Sierra Leone,SLE,401.835001366837,0
2010,YR2010,Singapore,SGP,47236.9602345421,0
2010,YR2010,Sint Maarten (Dutch part),SXM,..,..
2010,YR2010,Slovak Republic,SVK,16727.2913264619,0.00331386577098851
2010,YR2010,Slovenia,SVN,23509.5433941493,0.000154631845957791
2010,YR2010,Solomon Islands,SLB,1290.39878585913,0
2010,YR2010,Somalia,SOM,..,..
2010,YR2010,South Africa,ZAF,7328.61562893966,0.0277734129031228
2010,YR2010,South Sudan,SSD,1535.70818396841,45.8436950300733
2010,YR2010,Spain,ESP,30502.7197080776,0.00262812340442433
2010,YR2010,Sri Lanka,LKA,2799.64887619972,0
2010,YR2010,St. Kitts and Nevis,KNA,15508.7681119997,0
2010,YR2010,St. Lucia,LCA,8540.41437824647,0
2010,YR2010,St. Martin (French part),MAF,..,..
2010,YR2010,St. Vincent and the Grenadines,VCT,6292.78948709922,0
2010,YR2010,Sudan,SDN,1401.47747416771,14.4718990076421
2010,YR2010,Suriname,SUR,8255.7968587048,5.81026315148819
2010,YR2010,Sweden,SWE,52869.0442891587,0
2010,YR2010,Switzerland,CHE,74605.7210207051,0
2010,YR2010,Syrian Arab Republic,SYR,..,..
2010,YR2010,Tajikistan,TJK,749.552711015842,0.0583394215102254
2010,YR2010,Tanzania,TZA,743.403784726004,0
2010,YR2010,Thailand,THA,5076.34017438708,1.35762738119799
2010,YR2010,Timor-Leste,TLS,806.40786170986,..
2010,YR2010,Togo,TGO,534.044366810198,0
2010,YR2010,Tonga,TON,3553.22061448636,0
2010,YR2010,Trinidad and Tobago,TTO,16683.3553787376,7.07761213316737
2010,YR2010,Tunisia,TUN,4141.97635336459,4.32702000095757
2010,YR2010,Turkey,TUR,10672.389245603,0.0977162550040483
2010,YR2010,Turkmenistan,TKM,4439.20038235805,11.4760325469767
2010,YR2010,Turks and Caicos Islands,TCA,21028.4081445193,0
2010,YR2010,Tuvalu,TUV,3022.17650716397,..
2010,YR2010,Uganda,UGA,815.873679131482,0
2010,YR2010,Ukraine,UKR,2965.13971520617,0.559122910338452
2010,YR2010,United Arab Emirates,ARE,33893.303514039,21.70274999129
2010,YR2010,United Kingdom,GBR,39435.8399018505,0.741147310200368
2010,YR2010,United States,USA,48467.5157769259,0.317967081044388
2010,YR2010,Uruguay,URY,11992.0166261774,0
2010,YR2010,Uzbekistan,UZB,1634.31209539718,1.68393660926332
2010,YR2010,Vanuatu,VUT,2966.85711598678,0
2010,YR2010,"Venezuela, RB",VEN,13825.3580883312,9.85001143303502
2010,YR2010,Vietnam,VNM,1317.89070617836,4.4616492445475
2010,YR2010,Virgin Islands (U.S.),VIR,40043.1901659314,0
2010,YR2010,West Bank and Gaza,PSE,2354.12598671847,0
2010,YR2010,"Yemen, Rep.",YEM,1334.78484461341,22.169731678966
2010,YR2010,Zambia,ZMB,1489.45930583593,0
2010,YR2010,Zimbabwe,ZWE,948.33185445926,0
2011,YR2011,Afghanistan,AFG,528.736648057768,0.00661517051530809
2011,YR2011,Albania,ALB,4209.87480089435,2.66745952317552
2011,YR2011,Algeria,DZA,4524.72027613238,27.3046442782574
2011,YR2011,American Samoa,ASM,10360.5091546826,0
2011,YR2011,Andorra,AND,41191.7854116591,..
2011,YR2011,Angola,AGO,3579.96008145585,39.5256508892664
2011,YR2011,Antigua and Barbuda,ATG,12618.0791316619,0
2011,YR2011,Argentina,ARG,10883.315359489,2.728614649685
2011,YR2011,Armenia,ARM,3370.55110340079,0
2011,YR2011,Aruba,ABW,24233.0010815022,0
2011,YR2011,Australia,AUS,52567.7772438131,0.833640867987228
2011,YR2011,Austria,AUT,48065.3165411898,0.0852040322283575
2011,YR2011,Azerbaijan,AZE,5676.45041334095,31.7589235015945
2011,YR2011,"Bahamas, The",BHS,28248.8497757498,0
2011,YR2011,Bahrain,BHR,20516.5883157314,4.31336986467855
2011,YR2011,Bangladesh,BGD,822.188338841729,0.146357500663374
2011,YR2011,Barbados,BRB,15900.0236759993,0.502045999240665
2011,YR2011,Belarus,BLR,6365.3780531651,1.25002893796187
2011,YR2011,Belgium,BEL,44309.6253696963,0
2011,YR2011,Belize,BLZ,4250.31974418125,6.4919351055964
2011,YR2011,Benin,BEN,1037.74703995475,0
2011,YR2011,Bermuda,BMU,86001.1711723395,0
2011,YR2011,Bhutan,BTN,2411.02893205206,0
2011,YR2011,Bolivia,BOL,2024.11732438255,4.40408003084673
2011,YR2011,Bosnia and Herzegovina,BIH,4734.21455959276,0
2011,YR2011,Botswana,BWA,6728.20195409419,0
2011,YR2011,Brazil,BRA,11627.8106505917,1.95928529662057
2011,YR2011,British Virgin Islands,VGB,..,..
2011,YR2011,Brunei Darussalam,BRN,36121.891977592,23.9050761006911
2011,YR2011,Bulgaria,BGR,7014.83562474702,0.0396349169251001
2011,YR2011,Burkina Faso,BFA,670.264548166389,0
2011,YR2011,Burundi,BDI,235.988766659787,0
2011,YR2011,Cabo Verde,CPV,3468.66705505948,0
2011,YR2011,Cambodia,KHM,827.777013823179,0
2011,YR2011,Cameroon,CMR,1303.42588027745,5.80892567798139
2011,YR2011,Canada,CAN,48464.4962792344,2.02712171893063
2011,YR2011,Cayman Islands,CYM,72662.0277314926,0
2011,YR2011,Central African Republic,CAF,505.238458728031,0
2011,YR2011,Chad,TCD,863.761254867774,26.9252713739522
2011,YR2011,Channel Islands,CHI,..,..
2011,YR2011,Chile,CHL,13455.8378125533,0.0496979965428306
2011,YR2011,China,CHN,4961.23468857388,1.52507153835812
2011,YR2011,Colombia,COL,6711.61618680642,6.72480734911102
2011,YR2011,Comoros,COM,1337.73836893032,0
2011,YR2011,"Congo, Dem. Rep.",COD,345.266114850827,2.95860708428105
2011,YR2011,"Congo, Rep.",COG,2828.48377871685,55.1456676425717
2011,YR2011,Costa Rica,CRI,8390.47907109648,0
2011,YR2011,Cote d'Ivoire,CIV,1132.5484005404,3.60114729181788
2011,YR2011,Croatia,HRV,13928.5019024278,0.548069735310552
2011,YR2011,Cuba,CUB,5885.25462455411,1.91279153512268
2011,YR2011,Curacao,CUW,..,0
2011,YR2011,Cyprus,CYP,30363.5100539824,0
2011,YR2011,Czech Republic,CZE,20118.5878138351,0.0331859292041209
2011,YR2011,Denmark,DNK,58575.6078086932,1.46038527266985
2011,YR2011,Djibouti,DJI,..,0
2011,YR2011,Dominica,DMA,6947.9662511963,0
2011,YR2011,Dominican Republic,DOM,5660.51706694018,0
2011,YR2011,Ecuador,ECU,4921.84840912018,15.5210206282019
2011,YR2011,"Egypt, Arab Rep.",EGY,2635.19156362046,9.76338091068543
2011,YR2011,El Salvador,SLV,3083.80337578809,0
2011,YR2011,Equatorial Guinea,GNQ,17610.3066333418,35.1049203576369
2011,YR2011,Eritrea,ERI,537.491368290308,0
2011,YR2011,Estonia,EST,15940.1585200411,1.72705851372043
2011,YR2011,Eswatini,SWZ,4233.57521023067,0
2011,YR2011,Ethiopia,ETH,369.202407829027,0
2011,YR2011,Faroe Islands,FRO,..,0
2011,YR2011,Fiji,FJI,3735.55831531407,0
2011,YR2011,Finland,FIN,47423.2104278239,0
2011,YR2011,France,FRA,41329.0353691755,0.0143400185417654
2011,YR2011,French Polynesia,PYF,..,..
2011,YR2011,Gabon,GAB,9136.61456881311,36.1941521521139
2011,YR2011,"Gambia, The",GMB,767.155353643339,0
2011,YR2011,Georgia,GEO,3500.52749285613,0.150639585150575
2011,YR2011,Germany,DEU,43969.259276339,0.0321649831976488
2011,YR2011,Ghana,GHA,1446.37163070702,5.31164400770362
2011,YR2011,Gibraltar,GIB,..,..
2011,YR2011,Greece,GRC,24495.7111408242,0.0156115154443157
2011,YR2011,Greenland,GRL,43781.4625641366,0
2011,YR2011,Grenada,GRD,7274.72313572426,0
2011,YR2011,Guam,GUM,30690.4366504784,0
2011,YR2011,Guatemala,GTM,2965.15320617913,0.56524436646746
2011,YR2011,Guinea,GIN,694.603134542634,0
2011,YR2011,Guinea-Bissau,GNB,587.140383038061,0
2011,YR2011,Guyana,GUY,3179.85921030323,0
2011,YR2011,Haiti,HTI,691.894267211056,0
2011,YR2011,Honduras,HND,1939.33862702996,0
2011,YR2011,"Hong Kong SAR, China",HKG,33888.4923153422,0
2011,YR2011,Hungary,HUN,13389.959626871,0.214109242555426
2011,YR2011,Iceland,ISL,43700.7929954964,0
2011,YR2011,India,IND,1410.426304742,1.32832621941962
2011,YR2011,Indonesia,IDN,3270.61948985329,2.93295787717612
2011,YR2011,"Iran, Islamic Rep.",IRN,6695.08228331152,24.8355783703555
2011,YR2011,Iraq,IRQ,4848.44239867785,50.834757128479
2011,YR2011,Ireland,IRL,48669.785700893,0
2011,YR2011,Isle of Man,IMN,71137.5412756894,..
2011,YR2011,Israel,ISR,31572.903434204,0.00528972482035799
2011,YR2011,Italy,ITA,36192.8663751007,0.105695472061537
2011,YR2011,Jamaica,JAM,4759.25695989892,0
2011,YR2011,Japan,JPN,44538.7261906952,0.00230060301107707
2011,YR2011,Jordan,JOR,3587.18304700904,0.0021828011790004
2011,YR2011,Kazakhstan,KAZ,9603.24465538973,19.4618156060608
2011,YR2011,Kenya,KEN,982.980837581714,0
2011,YR2011,Kiribati,KIR,1514.4979214378,0
2011,YR2011,"Korea, Dem. People’s Rep.",PRK,..,..
2011,YR2011,"Korea, Rep.",KOR,23754.7724552742,0.00262373070964131
2011,YR2011,Kosovo,XKX,3401.01082844363,0
2011,YR2011,Kuwait,KWT,39940.0419836868,61.1988985474643
2011,YR2011,Kyrgyz Republic,KGZ,921.177038530965,0.413718054152652
2011,YR2011,Lao PDR,LAO,1213.18469310894,0
2011,YR2011,Latvia,LVA,12283.2934032614,0
2011,YR2011,Lebanon,LBN,7453.82347500754,0
2011,YR2011,Lesotho,LSO,1193.27174196953,0
2011,YR2011,Liberia,LBR,538.11623500132,0
2011,YR2011,Libya,LBY,4539.00252138836,44.4284883405693
2011,YR2011,Liechtenstein,LIE,..,..
2011,YR2011,Lithuania,LTU,12967.1509631399,0.125834838098996
2011,YR2011,Luxembourg,LUX,105264.748489747,0
2011,YR2011,"Macao SAR, China",MAC,62122.0181328047,0
2011,YR2011,Madagascar,MDG,466.349175296974,0
2011,YR2011,Malawi,MWI,487.730681851429,0
2011,YR2011,Malaysia,MYS,9372.00753825617,5.41763043773358
2011,YR2011,Maldives,MDV,7384.8492111405,0
2011,YR2011,Mali,MLI,711.112812277099,0
2011,YR2011,Malta,MLT,21303.7645794281,0
2011,YR2011,Marshall Islands,MHL,2846.90704615602,..
2011,YR2011,Mauritania,MRT,1629.4350891255,2.92664325428245
2011,YR2011,Mauritius,MUS,8313.27125393119,0
2011,YR2011,Mexico,MEX,9477.88718509023,5.55813127862703
2011,YR2011,"Micronesia, Fed. Sts.",FSM,2961.9370189298,..
2011,YR2011,Moldova,MDA,2580.84130958529,0.0702330503082702
2011,YR2011,Monaco,MCO,159431.473630687,..
2011,YR2011,Mongolia,MNG,3043.86182588884,1.89885907112557
2011,YR2011,Montenegro,MNE,6890.77333865459,0
2011,YR2011,Morocco,MAR,2948.84548976845,0.017542035179326
2011,YR2011,Mozambique,MOZ,492.343001559207,0.218500751015788
2011,YR2011,Myanmar,MMR,1025.8922978384,0.944172495911487
2011,YR2011,Namibia,NAM,5490.74170535099,0
2011,YR2011,Nauru,NRU,5202.4433161176,0
2011,YR2011,Nepal,NPL,612.032557723897,0
2011,YR2011,Netherlands,NLD,51499.5957887631,0.0548179069667151
2011,YR2011,New Caledonia,NCL,..,..
2011,YR2011,New Zealand,NZL,34233.0218997058,0.766814531708264
2011,YR2011,Nicaragua,NIC,1577.48717155585,0
2011,YR2011,Niger,NER,466.070927637863,0.945863956199751
2011,YR2011,Nigeria,NGA,2350.3368242726,16.3803960899612
2011,YR2011,North Macedonia,MKD,4645.28160135539,0
2011,YR2011,Northern Mariana Islands,MNP,13655.085194743,..
2011,YR2011,Norway,NOR,87413.1769952234,8.00848693270164
2011,YR2011,Oman,OMN,17353.0375624339,46.1407476395831
2011,YR2011,Pakistan,PAK,992.878139474556,0.985904951420951
2011,YR2011,Palau,PLW,10844.0207063379,..
2011,YR2011,Panama,PAN,8841.56127732431,0
2011,YR2011,Papua New Guinea,PNG,1928.29267984968,4.58963657408506
2011,YR2011,Paraguay,PRY,4479.3989342399,0
2011,YR2011,Peru,PER,5360.2266324006,1.0569676153574
2011,YR2011,Philippines,PHL,2264.39408703383,0.247305041862978
2011,YR2011,Poland,POL,13224.5690913933,0.0541084608162217
2011,YR2011,Portugal,PRT,22149.6305813295,0
2011,YR2011,Puerto Rico,PRI,26647.3862687612,0
2011,YR2011,Qatar,QAT,69679.0884802855,32.7636147646065
2011,YR2011,Romania,ROU,8415.99918522552,1.03708846276378
2011,YR2011,Russian Federation,RUS,11125.3445917131,11.3957605127519
2011,YR2011,Rwanda,RWA,644.763840173281,0
2011,YR2011,Samoa,WSM,3685.07783821214,0
2011,YR2011,San Marino,SMR,54476.9797420514,..
2011,YR2011,Sao Tome and Principe,STP,1117.13650006465,0
2011,YR2011,Saudi Arabia,SAU,20553.9053742816,49.2677860794821
2011,YR2011,Senegal,SEN,1263.45241134374,0
2011,YR2011,Serbia,SRB,5898.59613222216,0.514279973394282
2011,YR2011,Seychelles,SYC,11967.3623467509,0
2011,YR2011,Sierra Leone,SLE,417.603168385485,0
2011,YR2011,Singapore,SGP,49194.3567574518,0
2011,YR2011,Sint Maarten (Dutch part),SXM,..,..
2011,YR2011,Slovak Republic,SVK,17184.2639708886,0.00478742049081122
2011,YR2011,Slovenia,SVN,23662.8313902027,0.000220372115105721
2011,YR2011,Solomon Islands,SLB,1423.82917626249,0
2011,YR2011,Somalia,SOM,..,..
2011,YR2011,South Africa,ZAF,7454.72016478301,0.0262055448891523
2011,YR2011,South Sudan,SSD,1416.42943370462,55.926032869709
2011,YR2011,Spain,ESP,30146.9992402473,0.00315499514380305
2011,YR2011,Sri Lanka,LKA,3014.57874450509,0
2011,YR2011,St. Kitts and Nevis,KNA,15654.5951612067,0
2011,YR2011,St. Lucia,LCA,8933.84619093225,0
2011,YR2011,St. Martin (French part),MAF,..,..
2011,YR2011,St. Vincent and the Grenadines,VCT,6262.8750297342,0
2011,YR2011,Sudan,SDN,1591.56825353313,21.3811700952998
2011,YR2011,Suriname,SUR,8639.95357766425,9.13262489172296
2011,YR2011,Sweden,SWE,54147.9403966009,0
2011,YR2011,Switzerland,CHE,75029.7578197262,0
2011,YR2011,Syrian Arab Republic,SYR,..,..
2011,YR2011,Tajikistan,TJK,787.233265702208,0.0746476285758272
2011,YR2011,Tanzania,TZA,777.227218443918,0
2011,YR2011,Thailand,THA,5094.47266059237,1.7517965458187
2011,YR2011,Timor-Leste,TLS,838.188712186125,..
2011,YR2011,Togo,TGO,553.201455548493,0
2011,YR2011,Tonga,TON,3667.1356350961,0
2011,YR2011,Trinidad and Tobago,TTO,16534.2682622722,8.89436165142888
2011,YR2011,Tunisia,TUN,4022.237688257,5.27793245922578
2011,YR2011,Turkey,TUR,11678.1307870247,0.130514342760109
2011,YR2011,Turkmenistan,TKM,5006.27301039207,15.0225127134483
2011,YR2011,Turks and Caicos Islands,TCA,..,0
2011,YR2011,Tuvalu,TUV,3217.84629988041,..
2011,YR2011,Uganda,UGA,864.537900031243,0
2011,YR2011,Ukraine,UKR,3138.46513682261,0.670037582955989
2011,YR2011,United Arab Emirates,ARE,34634.8621429885,28.8146910761865
2011,YR2011,United Kingdom,GBR,39731.4892839944,0.874412351002129
2011,YR2011,United States,USA,48866.0532770682,0.455620672736314
2011,YR2011,Uruguay,URY,12574.9035699501,0
2011,YR2011,Uzbekistan,UZB,1714.89056291696,2.35369033243507
2011,YR2011,Vanuatu,VUT,2923.42028826041,0
2011,YR2011,"Venezuela, RB",VEN,14179.192314908,19.0291728217623
2011,YR2011,Vietnam,VNM,1385.89038466892,5.46000690894375
2011,YR2011,Virgin Islands (U.S.),VIR,36798.6990347292,0
2011,YR2011,West Bank and Gaza,PSE,2580.36978854333,0
2011,YR2011,"Yemen, Rep.",YEM,1133.12659096798,23.4490293927987
2011,YR2011,Zambia,ZMB,1525.56249353769,0
2011,YR2011,Zimbabwe,ZWE,1066.42626547202,0
2012,YR2012,Afghanistan,AFG,576.190125450699,0.109810624237169
2012,YR2012,Albania,ALB,4276.60790388367,3.0235126770352
2012,YR2012,Algeria,DZA,4588.14765577383,26.163351633685
2012,YR2012,American Samoa,ASM,9921.80610804858,0
2012,YR2012,Andorra,AND,39769.5614582283,..
2012,YR2012,Angola,AGO,3748.44944492387,35.2417488498274
2012,YR2012,Antigua and Barbuda,ATG,12876.8892883551,0
2012,YR2012,Argentina,ARG,10649.8372874572,2.55794285449573
2012,YR2012,Armenia,ARM,3603.59584818863,0
2012,YR2012,Aruba,ABW,23781.2572983852,0
2012,YR2012,Australia,AUS,53682.0472210506,0.716303498355416
2012,YR2012,Austria,AUT,48172.2381151452,0.0869413653865636
2012,YR2012,Azerbaijan,AZE,5724.92083164488,27.7986598602867
2012,YR2012,"Bahamas, The",BHS,28799.9214118515,0
2012,YR2012,Bahrain,BHR,20924.7104304295,4.75976785798579
2012,YR2012,Bangladesh,BGD,865.749891053711,0.163757375537303
2012,YR2012,Barbados,BRB,15787.8040183292,0.47892211110264
2012,YR2012,Belarus,BLR,6478.70481089972,1.12604992008055
2012,YR2012,Belgium,BEL,44361.2084743341,0
2012,YR2012,Belize,BLZ,4253.09941001094,4.42237660451205
2012,YR2012,Benin,BEN,1057.66774031197,0
2012,YR2012,Bermuda,BMU,81547.8552352009,0
2012,YR2012,Bhutan,BTN,2504.5058910519,0
2012,YR2012,Bolivia,BOL,2094.02421738306,4.40906083181783
2012,YR2012,Bosnia and Herzegovina,BIH,4774.38530075719,0
2012,YR2012,Botswana,BWA,6944.80763670943,0
2012,YR2012,Brazil,BRA,11745.7759262897,1.99722374632725
2012,YR2012,British Virgin Islands,VGB,..,..
2012,YR2012,Brunei Darussalam,BRN,35967.3283979567,20.8917507667122
2012,YR2012,Bulgaria,BGR,7081.02615062678,0.0408047122975219
2012,YR2012,Burkina Faso,BFA,692.445037920314,0
2012,YR2012,Burundi,BDI,238.816045825172,0
2012,YR2012,Cabo Verde,CPV,3461.92665130578,0
2012,YR2012,Cambodia,KHM,873.949283306707,0
2012,YR2012,Cameroon,CMR,1325.93022542942,5.88579366317321
2012,YR2012,Canada,CAN,48785.9360790745,1.23186843964694
2012,YR2012,Cayman Islands,CYM,72208.1911691862,0
2012,YR2012,Central African Republic,CAF,528.644927384143,0
2012,YR2012,Chad,TCD,909.312343770806,24.3359271409118
2012,YR2012,Channel Islands,CHI,..,..
2012,YR2012,Chile,CHL,14035.679130826,0.0494872952898642
2012,YR2012,China,CHN,5325.1601061666,1.32869888816544
2012,YR2012,Colombia,COL,6911.59200404802,6.07509958915299
2012,YR2012,Comoros,COM,1347.55168235907,0
2012,YR2012,"Congo, Dem. Rep.",COD,357.598295892516,2.53082765838345
2012,YR2012,"Congo, Rep.",COG,2860.87433557363,51.8107333114642
2012,YR2012,Costa Rica,CRI,8689.96516770511,0
2012,YR2012,Cote d'Ivoire,CIV,1223.6319350233,2.87292139061503
2012,YR2012,Croatia,HRV,13658.5154487544,0.470406777846963
2012,YR2012,Cuba,CUB,6051.68574614449,1.75322129170657
2012,YR2012,Curacao,CUW,..,0
2012,YR2012,Cyprus,CYP,28873.6258339319,0
2012,YR2012,Czech Republic,CZE,19929.7640671993,0.0333199856493491
2012,YR2012,Denmark,DNK,58487.7935518014,1.35885858580006
2012,YR2012,Djibouti,DJI,..,0
2012,YR2012,Dominica,DMA,6869.64063635644,0
2012,YR2012,Dominican Republic,DOM,5745.4227442923,0
2012,YR2012,Ecuador,ECU,5122.18009020886,13.7001312340387
2012,YR2012,"Egypt, Arab Rep.",EGY,2634.85005236495,8.37024696385227
2012,YR2012,El Salvador,SLV,3156.72384463597,0
2012,YR2012,Equatorial Guinea,GNQ,18254.0964461755,36.7986670426713
2012,YR2012,Eritrea,ERI,..,..
2012,YR2012,Estonia,EST,16497.2087564675,1.17655472202976
2012,YR2012,Eswatini,SWZ,4431.82374639263,0
2012,YR2012,Ethiopia,ETH,389.938966721631,0
2012,YR2012,Faroe Islands,FRO,..,0
2012,YR2012,Fiji,FJI,3781.18454181843,0
2012,YR2012,Finland,FIN,46538.5774283497,0
2012,YR2012,France,FRA,41258.2747345168,0.0133186099135878
2012,YR2012,French Polynesia,PYF,..,..
2012,YR2012,Gabon,GAB,9258.88197266208,35.475216390829
2012,YR2012,"Gambia, The",GMB,783.266692810892,0
2012,YR2012,Georgia,GEO,3751.00347585304,0.133389315804975
2012,YR2012,Germany,DEU,44070.9217011381,0.0326737479932365
2012,YR2012,Ghana,GHA,1543.76398423026,5.02808418683937
2012,YR2012,Gibraltar,GIB,..,..
2012,YR2012,Greece,GRC,22830.5267783973,0.0169478317614708
2012,YR2012,Greenland,GRL,44454.3735497748,0
2012,YR2012,Grenada,GRD,7147.18918737909,0
2012,YR2012,Guam,GUM,31252.6636152997,0
2012,YR2012,Guatemala,GTM,2999.42276262614,0.50335619557322
2012,YR2012,Guinea,GIN,719.698172703926,0
2012,YR2012,Guinea-Bissau,GNB,561.986650036213,0
2012,YR2012,Guyana,GUY,3332.70302751644,0
2012,YR2012,Haiti,HTI,701.445963678329,0
2012,YR2012,Honduras,HND,1982.00973784495,0
2012,YR2012,"Hong Kong SAR, China",HKG,34086.3065403193,0
2012,YR2012,Hungary,HUN,13261.1969629144,0.224312342106231
2012,YR2012,Iceland,ISL,44032.4252000495,0
2012,YR2012,India,IND,1469.17761007839,1.29813477093108
2012,YR2012,Indonesia,IDN,3421.27352044829,2.62091835309153
2012,YR2012,"Iran, Islamic Rep.",IRN,6122.43208981298,20.2017840239866
2012,YR2012,Iraq,IRQ,5322.38530653205,48.4323805349353
2012,YR2012,Ireland,IRL,48573.3772496171,0
2012,YR2012,Isle of Man,IMN,73720.5105053997,..
2012,YR2012,Israel,ISR,31695.0064286299,0.00541332916543022
2012,YR2012,Italy,ITA,35019.4718880864,0.114539038767056
2012,YR2012,Jamaica,JAM,4703.08640587979,0
2012,YR2012,Japan,JPN,45276.8743354249,0.00260763127808218
2012,YR2012,Jordan,JOR,3487.61361673173,0.00250340322403097
2012,YR2012,Kazakhstan,KAZ,9923.42220839838,17.25883737029
2012,YR2012,Kenya,KEN,1000.8292167941,0
2012,YR2012,Kiribati,KIR,1561.40029843359,0
2012,YR2012,"Korea, Dem. People’s Rep.",PRK,..,..
2012,YR2012,"Korea, Rep.",KOR,24197.9413704675,0.0015222696530786
2012,YR2012,Kosovo,XKX,3465.42443211359,0
2012,YR2012,Kuwait,KWT,40287.3042188638,61.0435860840007
2012,YR2012,Kyrgyz Republic,KGZ,905.165668041719,0.387180802248695
2012,YR2012,Lao PDR,LAO,1290.83774819673,0
2012,YR2012,Latvia,LVA,12950.7569816059,0
2012,YR2012,Lebanon,LBN,7179.11697006244,0
2012,YR2012,Lesotho,LSO,1266.65975140149,0
2012,YR2012,Liberia,LBR,564.520844221776,0
2012,YR2012,Libya,LBY,10066.5790283158,60.7896236994826
2012,YR2012,Liechtenstein,LIE,..,..
2012,YR2012,Lithuania,LTU,13646.0199403205,0.116357159257862
2012,YR2012,Luxembourg,LUX,102404.612086023,0
2012,YR2012,"Macao SAR, China",MAC,66271.4690733933,0
2012,YR2012,Madagascar,MDG,467.435789903935,0
2012,YR2012,Malawi,MWI,482.923781207912,0
2012,YR2012,Malaysia,MYS,9743.10479671184,5.07909969118033
2012,YR2012,Maldives,MDV,7251.67627055564,0
2012,YR2012,Mali,MLI,684.647401501598,0
2012,YR2012,Malta,MLT,21702.9923363846,0
2012,YR2012,Marshall Islands,MHL,2770.31073689698,..
2012,YR2012,Mauritania,MRT,1652.71417014361,2.46910049562654
2012,YR2012,Mauritius,MUS,8580.08564924831,0
2012,YR2012,Mexico,MEX,9690.86906453233,5.28927647304709
2012,YR2012,"Micronesia, Fed. Sts.",FSM,2877.27228753759,..
2012,YR2012,Moldova,MDA,2565.957672565,0.0560491201823488
2012,YR2012,Monaco,MCO,159100.193449311,..
2012,YR2012,Mongolia,MNG,3353.09360670119,2.20792190450481
2012,YR2012,Montenegro,MNE,6697.44457797724,0
2012,YR2012,Morocco,MAR,2995.45235738661,0.0123720692071909
2012,YR2012,Mozambique,MOZ,513.739087159073,0.251833377183837
2012,YR2012,Myanmar,MMR,1092.05650932938,1.12606084320662
2012,YR2012,Namibia,NAM,5668.57004972299,0
2012,YR2012,Nauru,NRU,5668.50252739376,0
2012,YR2012,Nepal,NPL,642.520463351456,0
2012,YR2012,Netherlands,NLD,50780.7029655426,0.0586552034777825
2012,YR2012,New Caledonia,NCL,..,..
2012,YR2012,New Zealand,NZL,34808.3415575672,0.630812337180253
2012,YR2012,Nicaragua,NIC,1657.65152452845,0
2012,YR2012,Niger,NER,495.763971160512,2.82749081989819
2012,YR2012,Nigeria,NGA,2384.95417065007,13.9030798808396
2012,YR2012,North Macedonia,MKD,4620.09801374671,0
2012,YR2012,Northern Mariana Islands,MNP,13652.9197047443,..
2012,YR2012,Norway,NOR,88604.5746477835,6.97016284947729
2012,YR2012,Oman,OMN,17633.1436393044,42.7991311297795
2012,YR2012,Pakistan,PAK,1006.07328865598,1.03709202975572
2012,YR2012,Palau,PLW,11109.4294053041,..
2012,YR2012,Panama,PAN,9541.06021262127,0
2012,YR2012,Papua New Guinea,PNG,1976.09878282594,3.50626880891244
2012,YR2012,Paraguay,PRY,4394.54388141372,0
2012,YR2012,Peru,PER,5642.57811515525,0.874172516802813
2012,YR2012,Philippines,PHL,2379.66818447974,0.177981652044069
2012,YR2012,Poland,POL,13437.2399417066,0.0603899462664175
2012,YR2012,Portugal,PRT,21337.2857541231,0
2012,YR2012,Puerto Rico,PRI,26979.6710188734,0
2012,YR2012,Qatar,QAT,67623.8007390447,29.0837327359266
2012,YR2012,Romania,ROU,8629.14303523025,1.01698796336007
2012,YR2012,Russian Federation,RUS,11553.5764196455,10.3338906803292
2012,YR2012,Rwanda,RWA,683.460336640684,0
2012,YR2012,Samoa,WSM,3504.14307397164,0
2012,YR2012,San Marino,SMR,49939.0073851507,..
2012,YR2012,Sao Tome and Principe,STP,1128.50745494651,0
2012,YR2012,Saudi Arabia,SAU,21006.6370090509,47.2244795445974
2012,YR2012,Senegal,SEN,1291.62221425429,0
2012,YR2012,Serbia,SRB,5886.89457613666,0.46006830660805
2012,YR2012,Seychelles,SYC,11999.9538480947,0
2012,YR2012,Sierra Leone,SLE,470.301404621334,0
2012,YR2012,Singapore,SGP,50143.7787074334,0
2012,YR2012,Sint Maarten (Dutch part),SXM,..,..
2012,YR2012,Slovak Republic,SVK,17480.2711778287,0.206121026481701
2012,YR2012,Slovenia,SVN,22989.9302725202,0.000236112754267981
2012,YR2012,Solomon Islands,SLB,1449.75580958037,0
2012,YR2012,Somalia,SOM,..,..
2012,YR2012,South Africa,ZAF,7500.04106663005,0.0897288354117832
2012,YR2012,South Sudan,SSD,742.342448651301,5.38052079296298
2012,YR2012,Spain,ESP,29235.8286869685,0.00487866164268789
2012,YR2012,Sri Lanka,LKA,3286.0075942939,0
2012,YR2012,St. Kitts and Nevis,KNA,15170.8986639694,0
2012,YR2012,St. Lucia,LCA,8860.36963576419,0
2012,YR2012,St. Martin (French part),MAF,..,..
2012,YR2012,St. Vincent and the Grenadines,VCT,6342.46536797172,0
2012,YR2012,Sudan,SDN,1745.10167474004,4.61933209177881
2012,YR2012,Suriname,SUR,8772.96122137276,7.82064076436367
2012,YR2012,Sweden,SWE,53432.6448453224,0
2012,YR2012,Switzerland,CHE,74984.137116844,0
2012,YR2012,Syrian Arab Republic,SYR,..,..
2012,YR2012,Tajikistan,TJK,827.112997957288,0.0979151670657396
2012,YR2012,Tanzania,TZA,788.439151581443,0
2012,YR2012,Thailand,THA,5437.87769081622,1.70111688995261
2012,YR2012,Timor-Leste,TLS,873.055997589049,..
2012,YR2012,Togo,TGO,573.923988738926,0
2012,YR2012,Tonga,TON,3729.49503334811,0
2012,YR2012,Trinidad and Tobago,TTO,16636.6838307924,7.57210804171765
2012,YR2012,Tunisia,TUN,4142.49443137775,5.31671527549341
2012,YR2012,Turkey,TUR,12039.2956914658,0.11848994309673
2012,YR2012,Turkmenistan,TKM,5462.9172897914,12.7307664091752
2012,YR2012,Turks and Caicos Islands,TCA,..,0
2012,YR2012,Tuvalu,TUV,3063.87414564206,..
2012,YR2012,Uganda,UGA,869.601494956259,0
2012,YR2012,Ukraine,UKR,3153.7354536996,0.574222783592665
2012,YR2012,United Arab Emirates,ARE,35416.8917844949,28.5282484915189
2012,YR2012,United Kingdom,GBR,40039.7002444533,0.70669867687371
2012,YR2012,United States,USA,49603.2534736283,0.291285206884496
2012,YR2012,Uruguay,URY,12981.1401108822,0
2012,YR2012,Uzbekistan,UZB,1814.46719583956,2.29057727604897
2012,YR2012,Vanuatu,VUT,2893.09572537593,0
2012,YR2012,"Venezuela, RB",VEN,14735.0935364906,15.097285458568
2012,YR2012,Vietnam,VNM,1443.49261488872,5.3355430323796
2012,YR2012,Virgin Islands (U.S.),VIR,31301.001725378,0
2012,YR2012,West Bank and Gaza,PSE,2675.67754197824,0
2012,YR2012,"Yemen, Rep.",YEM,1128.68627294681,17.0138091052934
2012,YR2012,Zambia,ZMB,1591.31955709811,0
2012,YR2012,Zimbabwe,ZWE,1223.20343166571,0
,,,,,
,,,,,
,,,,,
Data from database: World Development Indicators,,,,,
Last Updated: 09/08/2020,,,,,
